,code,title,time,sdate,grade,audience,summary,thumb
0,187321,1917,119,2020.02.19,15세 관람가,745007,"두 명의 병사, 하나의 미션!
그들이 싸워야 할 것은 적이 아니라 시간이었다!",https://movie-phinf.pstatic.net/20200212_161/1581489520959v0cjn_JPEG/movie_image.jpg?type=m99_141_2
1,190568,엽문4: 더 파이널,105,2020.04.01,12세 관람가,43445,"이제 마지막을 함께 할 시간
아낌없이 불태운다!",https://movie-phinf.pstatic.net/20200318_287/1584493653014a67Qy_JPEG/movie_image.jpg?type=m99_141_2
2,167637,주디,118,2020.03.25,12세 관람가,76883,,https://movie-phinf.pstatic.net/20200313_59/1584086196479WLA9j_JPEG/movie_image.jpg?type=m99_141_2
3,183991,오픈 더 도어,89,2020.04.08,15세 관람가,4719,"사라진 아들, 뒤바뀐 아이…
흔들리지 마라!
절대, 사랑에 빠지지 마라!",https://movie-phinf.pstatic.net/20200324_146/1585014840962Mfk9w_JPEG/movie_image.jpg?type=m99_141_2
4,193135,n번째 이별중,104,2020.04.01,12세 관람가,15285,"“오늘 좀 만나, 할 말이 있어….”",https://movie-phinf.pstatic.net/20200409_56/1586421474145EFc31_JPEG/movie_image.jpg?type=m99_141_2
5,189001,인비저블맨,124,2020.02.26,15세 관람가,560737,,https://movie-phinf.pstatic.net/20200221_216/1582251798358N3QEz_JPEG/movie_image.jpg?type=m99_141_2
6,134963,라라랜드,127,2020.03.25,12세 관람가,3636444,"황홀한 사랑, 순수한 희망, 격렬한 열정… 
이 곳에서 모든 감정이 폭발한다!",https://movie-phinf.pstatic.net/20161123_188/1479862185516tYkKO_JPEG/movie_image.jpg?type=m99_141_2
7,172826,더 터닝,94,2020.04.02,15세 관람가,13750,,https://movie-phinf.pstatic.net/20200318_56/1584518061899Uss3Y_JPEG/movie_image.jpg?type=m99_141_2
8,183402,신과 나: 100일간의 거래,136,2020.04.08,15세 관람가,3475,,https://movie-phinf.pstatic.net/20200409_192/1586412239119iecKw_JPEG/movie_image.jpg?type=m99_141_2
9,181065,사랑이 뭘까,124,2020.04.09,15세 관람가,1430,,https://movie-phinf.pstatic.net/20200324_154/1585025313550EtobP_JPEG/movie_image.jpg?type=m99_141_2
10,182015,스케어리 스토리: 어둠의 속삭임,108,2020.03.25,15세 관람가,40890,책이 펼쳐지면 끔찍한 판타지 세상이 열린다!,https://movie-phinf.pstatic.net/20200327_109/1585284130310K3uw4_JPEG/movie_image.jpg?type=m99_141_2
11,186613,작은 아씨들,135,2020.02.12,전체 관람가,857662,"Dear women
그해 겨울, 사랑스러운 자매들을 만났다",https://movie-phinf.pstatic.net/20200309_102/1583733575200NVLwA_JPEG/movie_image.jpg?type=m99_141_2
12,181286,바이올렛 에버가든 - 영원과 자동 수기 인형 -,91,2020.03.26,전체 관람가,8892,,https://movie-phinf.pstatic.net/20200302_156/1583116319583zwqoe_JPEG/movie_image.jpg?type=m99_141_2
13,179181,지푸라기라도 잡고 싶은 짐승들,108,2020.02.19,청소년 관람불가,623121,,https://movie-phinf.pstatic.net/20200211_156/1581402209718zyQ9B_JPEG/movie_image.jpg?type=m99_141_2
14,189624,찬실이는 복도 많지,96,2020.03.05,전체 관람가,23198,“아 망했다. 왜 그리 일만 하고 살았을꼬?”,https://movie-phinf.pstatic.net/20200214_123/1581659934908mAoGh_JPEG/movie_image.jpg?type=m99_141_2
15,186821,정직한 후보,104,2020.02.12,12세 관람가,1533682,"어제까진 뻥쟁이, 오늘부턴 정직한 후보?!",https://movie-phinf.pstatic.net/20200121_186/1579570188386BXMMG_JPEG/movie_image.jpg?type=m99_141_2
16,190728,다크 워터스,127,2020.03.11,12세 관람가,126632,"인류의 99%는 이미 중독되었다
<스포트라이트> 제작진의 충격 고발 실화",https://movie-phinf.pstatic.net/20200219_277/15820765775925k14P_JPEG/movie_image.jpg?type=m99_141_2
17,177462,핀란드 메탈밴드,90,2020.04.09,15세 관람가,536,,https://movie-phinf.pstatic.net/20200403_262/1585890481890pBF7E_JPEG/movie_image.jpg?type=m99_141_2
18,137974,기도의 힘,120,2020.04.09,12세 관람가,570,"진짜 적과 싸우는 유일한 전략
기도는, 우리의 가장 강력한 무기다!",https://movie-phinf.pstatic.net/20200330_256/15855460910129BFd2_JPEG/movie_image.jpg?type=m99_141_2
19,181114,날씨의 아이,112,2019.10.30,15세 관람가,673045,"“이제 비는 그치고, 우리의 세상이 빛나기 시작할 거야”",https://movie-phinf.pstatic.net/20190916_49/1568614827948hyiXA_JPEG/movie_image.jpg?type=m99_141_2
20,185150,이장,94,2020.03.25,12세 관람가,3536,“장남이 무슨 벼슬이야?!”,https://movie-phinf.pstatic.net/20200310_275/1583820865612VfIMX_JPEG/movie_image.jpg?type=m99_141_2
21,70121,페임,122,2020.03.25,12세 관람가,642723,,https://movie-phinf.pstatic.net/20200227_297/1582779281613g2nEW_JPEG/movie_image.jpg?type=m99_141_2
22,186220,다니엘 이즌 리얼,100,2020.04.09,청소년 관람불가,417,,https://movie-phinf.pstatic.net/20200324_33/1585014597448X0IWf_JPEG/movie_image.jpg?type=m99_141_2
23,176738,온다,134,2020.03.26,15세 관람가,5226,절대 이름을 말하지도 불리지도 마라!,https://movie-phinf.pstatic.net/20200302_77/1583113976085kgJT8_JPEG/movie_image.jpg?type=m99_141_2
24,167600,사랑하고 있습니까,107,2020.03.25,12세 관람가,12743,,https://movie-phinf.pstatic.net/20200306_60/1583457317291V7HF4_JPEG/movie_image.jpg?type=m99_141_2
25,185423,공수도,112,2020.04.09,15세 관람가,0,,https://movie-phinf.pstatic.net/20200218_234/1581990954625bPxTq_JPEG/movie_image.jpg?type=m99_141_2
26,150198,너의 이름은.,106,2018.01.04,12세 관람가,3724196,,https://movie-phinf.pstatic.net/20171222_70/1513920001726sikUX_JPEG/movie_image.jpg?type=m99_141_2
27,182387,윤희에게,105,2019.11.14,12세 관람가,121689,"다시 날 가슴 뛰게 만든 그 말
""윤희에게, 잘 지내니?""",https://movie-phinf.pstatic.net/20191203_217/1575347950420leqmB_JPEG/movie_image.jpg?type=m99_141_2
28,190632,시원찮은 그녀를 위한 육성방법 피날레,114,2020.02.27,12세 관람가,19374,,https://movie-phinf.pstatic.net/20200115_83/1579075630892Dh10J_JPEG/movie_image.jpg?type=m99_141_2
29,152646,시체들의 새벽: 컨테이젼,90,2020.04.09,청소년 관람불가,306,,https://movie-phinf.pstatic.net/20200325_189/1585099132377gQMUJ_JPEG/movie_image.jpg?type=m99_141_2
30,191642,킹 오브 프리즘 올 스타즈 -프리즘 쇼☆베스트10-,76,2020.04.02,12세 관람가,1815,"""마음속의 두근거림이 멈추지 않아!!""",https://movie-phinf.pstatic.net/20200212_11/15814824204898eXba_JPEG/movie_image.jpg?type=m99_141_2
31,173840,레토,128,2019.01.03,15세 관람가,22495,"MUSIC ★ LOVE ★ YOUTH
우리가 사랑한 모든 것",https://movie-phinf.pstatic.net/20181210_5/15444045030349OaFu_JPEG/movie_image.jpg?type=m99_141_2
32,174758,모리의 정원,99,2020.03.26,전체 관람가,2538,,https://movie-phinf.pstatic.net/20200316_196/15843230714220iTGt_JPEG/movie_image.jpg?type=m99_141_2
33,168050,스타 이즈 본,135,2018.10.09,15세 관람가,525317,"나도 몰랐던 내 안의 빛을 찾아낸 그대
우리 모습 이대로 영원히 기억할 거야…",https://movie-phinf.pstatic.net/20180912_118/1536714294340kLm2Y_JPEG/movie_image.jpg?type=m99_141_2
34,142201,그 누구도 아닌,111,2020.03.26,15세 관람가,2297,“그 누구도 하나의 인생을 살지는 않는다”,https://movie-phinf.pstatic.net/20200320_221/1584670987904hkMtx_JPEG/movie_image.jpg?type=m99_141_2
35,144754,선생님과 길고양이,107,2020.04.09,전체 관람가,186,"“왜 그 고양이를 찾아요?”
“소중한 고양이니깐”",https://movie-phinf.pstatic.net/20200319_256/15846058991487vYG2_JPEG/movie_image.jpg?type=m99_141_2
36,189086,뱅드림! 필름 라이브,73,2019.09.26,전체 관람가,19408,,https://movie-phinf.pstatic.net/20190910_178/1568093201930HCxMC_JPEG/movie_image.jpg?type=m99_141_2
37,179414,기억의 전쟁,79,2020.02.27,12세 관람가,1834,그곳엔 우리가 기억하지 못하는 이야기들이 있다,https://movie-phinf.pstatic.net/20200212_87/1581471190560PupSD_JPEG/movie_image.jpg?type=m99_141_2
38,140895,러브 라이브! 더 스쿨 아이돌 무비,99,2015.09.03,전체 관람가,133632,,https://movie-phinf.pstatic.net/20150821_231/14401205145729128K_PNG/movie_image.jpg?type=m99_141_2
39,172181,비행,89,2020.03.19,15세 관람가,3275,,https://movie-phinf.pstatic.net/20200221_117/1582247793225LwylA_JPEG/movie_image.jpg?type=m99_141_2
40,180340,행복의 단추를 채우는 완벽한 방법,91,2020.04.02,12세 관람가,1568,,https://movie-phinf.pstatic.net/20200319_34/158460654523606Qlo_JPEG/movie_image.jpg?type=m99_141_2
41,169263,페이트 스테이 나이트 헤븐즈필 제2장 로스트 버터플라이,117,2019.03.21,15세 관람가,45210,,https://movie-phinf.pstatic.net/20190306_199/15518333925794IRYd_JPEG/movie_image.jpg?type=m99_141_2
42,181711,러브 라이브! 선샤인!! 더 스쿨 아이돌 무비 오버 더 레인보우,100,2019.02.14,전체 관람가,27150,,https://movie-phinf.pstatic.net/20190129_68/1548749435815O6OQS_JPEG/movie_image.jpg?type=m99_141_2
43,148338,동급생,61,2016.05.19,15세 관람가,39368,,https://movie-phinf.pstatic.net/20160512_180/1463033758820hrdUp_JPEG/movie_image.jpg?type=m99_141_2
44,185282,타오르는 여인의 초상,121,2020.01.16,15세 관람가,147063,“후회하지 말고 기억해”,https://movie-phinf.pstatic.net/20191220_49/1576828214038i4ukE_JPEG/movie_image.jpg?type=m99_141_2
45,169262,페이트 스테이 나이트 헤븐즈필 제1장 프레시지 플라워,121,2017.11.16,15세 관람가,43910,,https://movie-phinf.pstatic.net/20171103_177/1509693447074cM8AP_JPEG/movie_image.jpg?type=m99_141_2
46,172458,첫키스만 50번째,114,2020.03.26,12세 관람가,2184,,https://movie-phinf.pstatic.net/20200319_221/1584607674344eBoeS_JPEG/movie_image.jpg?type=m99_141_2
47,179307,벌새,138,2019.08.29,15세 관람가,146522,나는 이 세계가 궁금했다,https://movie-phinf.pstatic.net/20190805_121/1564969695835Iq9Qc_JPEG/movie_image.jpg?type=m99_141_2
48,156185,극장판 쿠로코의 농구 라스트 게임,91,2017.04.27,12세 관람가,63366,"기적의 드림팀! 가장 흉한한 미국팀!
지금 맞이하는 운명의 LAST TIPOFF!!",https://movie-phinf.pstatic.net/20170414_125/1492154333194H9k8h_JPEG/movie_image.jpg?type=m99_141_2
49,187308,조조 래빗,108,2020.02.05,12세 관람가,110717,,https://movie-phinf.pstatic.net/20200212_4/1581471622059r6lmJ_JPEG/movie_image.jpg?type=m99_141_2
50,172117,문호 스트레이독스 [데드애플],91,2018.04.05,12세 관람가,29645,"요코하마 뒷사회에 피바람이 몰아친
용두항쟁으로부터 6년 후 -",https://movie-phinf.pstatic.net/20180321_30/1521618151401isbOi_JPEG/movie_image.jpg?type=m99_141_2
51,51777,월드워Z,115,2013.06.20,15세 관람가,5243962,,https://movie-phinf.pstatic.net/20130604_66/1370315619093FMUhL_JPEG/movie_image.jpg?type=m99_141_2
52,159794,작가 미상,189,2020.02.20,청소년 관람불가,13088,,https://movie-phinf.pstatic.net/20200131_93/15804377363533Xh72_JPEG/movie_image.jpg?type=m99_141_2
53,97612,그랜드 부다페스트 호텔,100,2018.10.11,15세 관람가,821929,"세계 최고 부호 마담 D.의 피살사건!
전 세계를 매료시킨 황홀한 이야기가 다시 시작된다!",https://movie-phinf.pstatic.net/20180927_158/1538023433590U7S2w_JPEG/movie_image.jpg?type=m99_141_2
54,193209,펠리칸 베이커리,80,2020.04.02,전체 관람가,556,,https://movie-phinf.pstatic.net/20200326_197/1585210508393NwqfR_JPEG/movie_image.jpg?type=m99_141_2
55,185450,우리집,92,2019.08.22,전체 관람가,56133,“우리집은 진짜 왜 이럴까?”,https://movie-phinf.pstatic.net/20190807_51/1565154456350b19B1_JPEG/movie_image.jpg?type=m99_141_2
56,92075,어바웃 타임,123,2013.12.05,15세 관람가,3439144,,https://movie-phinf.pstatic.net/20131115_243/1384498185621awKv1_JPEG/movie_image.jpg?type=m99_141_2
57,113165,이다,82,2015.02.18,15세 관람가,0,,https://movie-phinf.pstatic.net/20150224_250/1424752921781xxMOA_JPEG/movie_image.jpg?type=m99_141_2
58,158578,흑집사 : 북 오브 더 아틀란틱,100,2017.04.13,15세 관람가,38261,,https://movie-phinf.pstatic.net/20170407_153/1491527295172laUdr_JPEG/movie_image.jpg?type=m99_141_2
59,78845,우리도 사랑일까,116,2016.09.22,청소년 관람불가,0,,https://movie-phinf.pstatic.net/20160907_191/1473240228515VWai5_JPEG/movie_image.jpg?type=m99_141_2
60,190026,숀더쉽 더 무비: 꼬마 외계인 룰라!,87,2020.02.19,전체 관람가,11415,사고뭉치 양떼들과 우주미아 꼬마 외계인의 컴백홈 대작전!,https://movie-phinf.pstatic.net/20200219_23/1582077476942c1IGT_JPEG/movie_image.jpg?type=m99_141_2
61,189139,리암 갤러거,85,2020.03.12,15세 관람가,2853,"""나답게 사는 게 로큰롤이야""",https://movie-phinf.pstatic.net/20200218_46/1581990644611V7eNU_JPEG/movie_image.jpg?type=m99_141_2
62,31565,브리짓 존스의 일기,97,2001.09.01,청소년 관람불가,1307,,https://movie-phinf.pstatic.net/20111216_25/1324029438334jIoaL_JPEG/movie_image.jpg?type=m99_141_2
63,161967,기생충,131,2019.05.30,15세 관람가,10289623,“폐 끼치고 싶진 않았어요”,https://movie-phinf.pstatic.net/20190528_36/1559024198386YVTEw_JPEG/movie_image.jpg?type=m99_141_2
64,190325,극장판 미니특공대: 공룡왕 디노,73,2020.02.06,전체 관람가,79464,,https://movie-phinf.pstatic.net/20200115_201/1579055961204pU2PH_JPEG/movie_image.jpg?type=m99_141_2
65,29756,동감,110,2000.05.27,12세 관람가,1826,"""우리는 다른 시간 속에서 같은 사랑을 꿈꾼다.""",https://movie-phinf.pstatic.net/20111223_63/1324582931977UVftC_JPEG/movie_image.jpg?type=m99_141_2
66,10262,델마와 루이스,124,2017.03.08,청소년 관람불가,16341,"늘 당하기만 하던 그녀들, 세상 밖으로 나오다!
사랑스러운 ‘델마’와 ‘루이스’의 거침없는 휴가에 동참하라!
상상 그 이상의 우아하고 짜릿한 일탈! Let’s Keep Going~",https://movie-phinf.pstatic.net/20170216_133/1487219944295t5JGl_PNG/movie_image.jpg?type=m99_141_2
67,188030,산티아고의 흰 지팡이,98,2020.03.19,전체 관람가,794,,https://movie-phinf.pstatic.net/20200224_203/1582521580654NE5i0_JPEG/movie_image.jpg?type=m99_141_2
68,190595,아웃사이더,119,2020.04.02,청소년 관람불가,1475,,https://movie-phinf.pstatic.net/20200319_107/1584583866701nNfEi_JPEG/movie_image.jpg?type=m99_141_2
69,36651,시티 오브 갓,129,2005.11.03,청소년 관람불가,0,신이 버린 도시,https://movie-phinf.pstatic.net/20111222_68/1324527669788wvUpu_JPEG/movie_image.jpg?type=m99_141_2
70,159879,용길이네 곱창집,127,2020.03.12,15세 관람가,3730,"“설령, 어제가 어떤 날이든
내일은 분명 좋은 날이 올 것이다”",https://movie-phinf.pstatic.net/20200310_188/1583817069456e1QRv_JPEG/movie_image.jpg?type=m99_141_2
71,170427,주문은 토끼입니까?? ~디어 마이 시스터~,61,2018.01.18,전체 관람가,17575,,https://movie-phinf.pstatic.net/20171227_254/1514359126082YL9em_JPEG/movie_image.jpg?type=m99_141_2
72,171528,페인티드 버드,169,2020.03.26,청소년 관람불가,995,,https://movie-phinf.pstatic.net/20200310_181/1583801812674mIkzT_JPEG/movie_image.jpg?type=m99_141_2
73,186610,신문기자,113,2020.03.11,12세 관람가,13773,“나는 진실을 알려야 하는 기자예요”,https://movie-phinf.pstatic.net/20200313_272/1584060172821k9N8V_JPEG/movie_image.jpg?type=m99_141_2
74,172816,수퍼 소닉,98,2020.02.12,전체 관람가,0,세상을 구할 초고속 히어로의 탄생!,https://movie-phinf.pstatic.net/20200212_230/1581484545428fich8_JPEG/movie_image.jpg?type=m99_141_2
75,92505,아무르,127,2012.12.19,15세 관람가,0,,https://movie-phinf.pstatic.net/20121121_153/1353464045942MC97D_JPEG/movie_image.jpg?type=m99_141_2
76,52747,부당거래,119,2010.10.28,청소년 관람불가,2725627,대국민 조작 이벤트,https://movie-phinf.pstatic.net/20111223_235/1324625472367kWNBr_JPEG/movie_image.jpg?type=m99_141_2
77,78240,그을린 사랑,130,2011.07.21,청소년 관람불가,0,,https://movie-phinf.pstatic.net/20111223_285/1324640498111NyJ52_JPEG/movie_image.jpg?type=m99_141_2
78,190720,젠틀맨,113,2020.02.26,청소년 관람불가,81106,"정글에는 법칙이 있고, 범죄에도 품격이 있다!",https://movie-phinf.pstatic.net/20200211_164/1581396524128hxWV1_JPEG/movie_image.jpg?type=m99_141_2
79,172194,나츠메 우인장: 세상과 연을 맺다,104,2018.10.31,전체 관람가,46947,"다정하고, 애처로운, 거짓말을 했다.
아름답고 덧없는 인간과 요괴의 이야기",https://movie-phinf.pstatic.net/20181004_52/1538638118841yV74b_JPEG/movie_image.jpg?type=m99_141_2
80,17796,일 포스티노,114,2017.03.23,15세 관람가,0,"우정과 사랑, 성장을 담은 한 폭의 시
“시가 내게로 왔다”",https://movie-phinf.pstatic.net/20170224_224/1487898984194Udh3k_JPEG/movie_image.jpg?type=m99_141_2
81,189028,울프 콜,116,2020.03.05,15세 관람가,24401,"보이지 않는다! 들리지 않는다!
눈과 귀를 속이는 핵 잠수함 전쟁!",https://movie-phinf.pstatic.net/20200211_99/1581385788027OEySM_JPEG/movie_image.jpg?type=m99_141_2
82,143390,우리의 20세기,119,2017.09.27,15세 관람가,0,“인생이란 거대하고… 알 수 없는 거란다”,https://movie-phinf.pstatic.net/20170908_201/1504863045366ary8V_JPEG/movie_image.jpg?type=m99_141_2
83,113351,미니언즈,91,2015.07.29,전체 관람가,0,"비켜, 이 구역의 주인공은 나야!
최고의 악당을 찾아 떠나는 ‘슈퍼배드 원정대’의 모험이 시작된다!",https://movie-phinf.pstatic.net/20150729_47/1438135916692zqgOj_JPEG/movie_image.jpg?type=m99_141_2
84,17970,샤인,105,2020.02.27,15세 관람가,19726,,https://movie-phinf.pstatic.net/20200204_194/1580793774921Tff7t_JPEG/movie_image.jpg?type=m99_141_2
85,190980,쉬 네버 다이,89,2020.04.02,청소년 관람불가,0,“먹고 싶어서 죽였어요…”,https://movie-phinf.pstatic.net/20200326_80/1585200124699tvCgx_JPEG/movie_image.jpg?type=m99_141_2
86,74610,미드나잇 인 파리,94,2016.10.20,15세 관람가,0,"매일 밤 12시, 시간을 넘나드는 로맨스가 시작된다!",https://movie-phinf.pstatic.net/20161011_117/1476149660166LvI3l_JPEG/movie_image.jpg?type=m99_141_2
87,117787,로건,137,2017.03.01,청소년 관람불가,0,"모든 것을 걸고, 지키고 싶은 소녀를 만났다!",https://movie-phinf.pstatic.net/20170511_70/1494464362009nw0gc_JPEG/movie_image.jpg?type=m99_141_2
88,31801,봄날은 간다,106,2001.09.28,15세 관람가,9165,사랑이 이만큼 다가왔다고 느끼는 순간 (봄날은 간다),https://movie-phinf.pstatic.net/20111222_101/132453823522438dy3_JPEG/movie_image.jpg?type=m99_141_2
89,24830,노팅 힐,124,2019.04.17,12세 관람가,65461,"SHE 그저 여자일 뿐이에요 사랑받길 원하는
난 노팅 힐에 당신은 비벌리 힐스에 살죠 HE",https://movie-phinf.pstatic.net/20190325_31/1553488426511DoXdd_JPEG/movie_image.jpg?type=m99_141_2
90,182071,파라다이스 힐스,94,2020.03.19,12세 관람가,0,‘파라다이스 힐스’에서 당신의 모든 아름다움이 완성된다.,https://movie-phinf.pstatic.net/20200226_23/1582682533566UxabL_JPEG/movie_image.jpg?type=m99_141_2
91,159830,너의 췌장을 먹고 싶어,115,2017.10.25,12세 관람가,0,"“너는 싫어할지도 모르겠지만, 역시… 너의 췌장을 먹고 싶어”
나는 그때, 그 말의 의미를 알지 못했다",https://movie-phinf.pstatic.net/20170927_210/1506482182997qLEa4_JPEG/movie_image.jpg?type=m99_141_2
92,173692,바울,107,2018.10.31,15세 관람가,273340,성경 역사상 가장 뜨거운 마지막 여정이 시작된다!,https://movie-phinf.pstatic.net/20181126_296/1543195305541TXc6u_JPEG/movie_image.jpg?type=m99_141_2
93,98738,프란시스 하,86,2014.07.17,15세 관람가,73425,,https://movie-phinf.pstatic.net/20140624_224/1403582944275bhaBm_JPEG/movie_image.jpg?type=m99_141_2
94,189000,나이브스 아웃,130,2019.12.04,12세 관람가,814697,,https://movie-phinf.pstatic.net/20191119_163/1574125979767APJb7_JPEG/movie_image.jpg?type=m99_141_2
95,95333,더 울프 오브 월 스트리트,179,2014.01.09,청소년 관람불가,0,,https://movie-phinf.pstatic.net/20140123_84/1390455489585Risz0_JPEG/movie_image.jpg?type=m99_141_2
96,183658,프리저베이션 홀 재즈밴드,84,2020.04.02,전체 관람가,589,"경계를 넘어 모두를 하나로 연결하는 ‘음악의 힘’!
음악적 뿌리를 찾아 쿠바로 간 뉴올리언스 재즈밴드 이야기!",https://movie-phinf.pstatic.net/20200320_133/1584679306551WJBnx_JPEG/movie_image.jpg?type=m99_141_2
97,189123,하트,70,2020.02.27,청소년 관람불가,0,"마음 따로 사랑 따로,
유일무이 정가영표 로맨스 무비!",https://movie-phinf.pstatic.net/20200206_18/1580968822917immgo_JPEG/movie_image.jpg?type=m99_141_2
98,137347,리틀 포레스트2: 겨울과 봄,121,2015.05.14,12세 관람가,0,,https://movie-phinf.pstatic.net/20150415_126/1429077913781M6XRs_JPEG/movie_image.jpg?type=m99_141_2
99,179398,메기,89,2019.09.26,15세 관람가,0,“사람들은 왜 서로를 의심할까요?”,https://movie-phinf.pstatic.net/20190903_89/1567472276429VUl4Y_JPEG/movie_image.jpg?type=m99_141_2
100,75426,데드풀,106,2016.02.17,청소년 관람불가,0,"정의감 제로, 책임감 제로, 정신은 인터스텔라급
마블 역사상 가장 매력 터지는 히어로 ‘데드풀’이 온다!",https://movie-phinf.pstatic.net/20160219_61/1455872433882gKqgb_JPEG/movie_image.jpg?type=m99_141_2
101,79770,원 데이,107,2012.12.13,15세 관람가,0,"하루를 살아도 만나고 싶은 사랑!
전세계의 가슴을 울린 사랑이 온다!",https://movie-phinf.pstatic.net/20121114_222/1352863247483mp6F2_JPEG/movie_image.jpg?type=m99_141_2
102,186606,청춘 돼지는 꿈꾸는 소녀의 꿈을 꾸지 않는다,90,2019.08.22,12세 관람가,11547,,https://movie-phinf.pstatic.net/20190801_119/1564648929506y1QJd_JPEG/movie_image.jpg?type=m99_141_2
103,103797,족구왕,104,2014.08.21,15세 관람가,0,허세 0%+혈중 열정 농도 100% 슈퍼 복학생이 나타났다!,https://movie-phinf.pstatic.net/20140728_96/1406511404570n5tip_JPEG/movie_image.jpg?type=m99_141_2
104,101301,"힘내세요, 병헌씨",94,2013.06.27,15세 관람가,0,"영화감독 준비생 이병헌의 파란만장 데뷔작전
상위1%영화인도 다 겪은 리얼 충무로 스토리가 펼쳐진다!",https://movie-phinf.pstatic.net/20130603_290/1370228109944RKPX2_JPEG/movie_image.jpg?type=m99_141_2
105,67786,쥬라기 월드,125,2015.06.11,12세 관람가,0,살아있는 모든 것을 압도할 그들이 깨어났다!,https://movie-phinf.pstatic.net/20150522_110/14322815808174ge1b_JPEG/movie_image.jpg?type=m99_141_2
106,162873,네 멋대로 해라: 장 뤽 고다르,108,2020.03.19,15세 관람가,1732,,https://movie-phinf.pstatic.net/20200224_95/1582531099662bRbvz_JPEG/movie_image.jpg?type=m99_141_2
107,172454,곤지암,94,2018.03.28,15세 관람가,0,공포 체험의 성지 ‘곤지암 정신병원’,https://movie-phinf.pstatic.net/20180406_37/1522991036857QqP7N_JPEG/movie_image.jpg?type=m99_141_2
108,96379,비긴 어게인,104,2014.08.13,15세 관람가,3462994,"“다시 시작해, 너를 빛나게 할 노래를!”",https://movie-phinf.pstatic.net/20140721_155/1405929648411y5t2g_JPEG/movie_image.jpg?type=m99_141_2
109,174050,생일,120,2019.04.03,전체 관람가,0,,https://movie-phinf.pstatic.net/20190329_223/1553847778414CTAcF_JPEG/movie_image.jpg?type=m99_141_2
110,164684,"부르고뉴, 와인에서 찾은 인생",113,2018.05.03,15세 관람가,0,,https://movie-phinf.pstatic.net/20180329_86/15222913978589Grqo_JPEG/movie_image.jpg?type=m99_141_2
111,189046,신비아파트 극장판 하늘도깨비 대 요르문간드,97,2019.12.19,전체 관람가,0,,https://movie-phinf.pstatic.net/20191219_65/1576740674361x3FPY_JPEG/movie_image.jpg?type=m99_141_2
112,10546,아비정전,100,2017.03.30,15세 관람가,21606,"“1분이 쉽게 지날 줄 알았는데 영원할 수도 있더군요.
그는 1분을 가리키면서 영원히 날 기억할 거라고 했어요...”",https://movie-phinf.pstatic.net/20170315_53/148955223217831bi6_JPEG/movie_image.jpg?type=m99_141_2
113,52515,인셉션,147,2020.01.29,12세 관람가,0,,https://movie-phinf.pstatic.net/20200114_147/1578963901287frmdl_JPEG/movie_image.jpg?type=m99_141_2
114,183836,천로역정: 천국을 찾아서,113,2019.06.13,전체 관람가,0,,https://movie-phinf.pstatic.net/20190624_263/1561360740472v2Mfv_JPEG/movie_image.jpg?type=m99_141_2
115,101950,그녀,125,2019.05.29,15세 관람가,0,"사랑과 관계에 서툰 모두를 위한 감성 로맨스
우리에게 사랑하는 법을 알려준, 그녀를 다시 만난다",https://movie-phinf.pstatic.net/20190517_151/1558069764862RXe4V_JPEG/movie_image.jpg?type=m99_141_2
116,101953,꾸뻬씨의 행복여행,120,2014.11.27,15세 관람가,0,,https://movie-phinf.pstatic.net/20141103_30/1414988953933guzN2_JPEG/movie_image.jpg?type=m99_141_2
117,109778,끝까지 간다,111,2014.05.29,15세 관람가,0,완벽하게 숨긴 줄 알았다…!,https://movie-phinf.pstatic.net/20140424_211/1398315678038omnHU_JPEG/movie_image.jpg?type=m99_141_2
118,121788,내부자들,130,2015.11.19,청소년 관람불가,0,,https://movie-phinf.pstatic.net/20151021_172/14453964781624mCqX_JPEG/movie_image.jpg?type=m99_141_2
119,123298,내일을 위한 시간,95,2015.01.01,12세 관람가,0,되찾을 수 있을까? ‘내일’을 위한 그녀의 시간이 흐른다.,https://movie-phinf.pstatic.net/20141127_247/1417073056550o4AD4_JPEG/movie_image.jpg?type=m99_141_2
120,152684,문라이트,111,2017.02.22,15세 관람가,0,,https://movie-phinf.pstatic.net/20170302_58/1488416850453iGsh1_JPEG/movie_image.jpg?type=m99_141_2
121,159834,밤은 짧아 걸어 아가씨야,93,2018.03.29,12세 관람가,0,"그녀를 사로잡기 위한 완벽한 방법은 최.눈.알 작전!
하룻밤의 판타스틱한 청춘 로맨스가 펼쳐진다!",https://movie-phinf.pstatic.net/20180305_204/1520235483216rS5JR_JPEG/movie_image.jpg?type=m99_141_2
122,82540,범죄와의 전쟁 : 나쁜놈들 전성시대,133,2012.02.02,청소년 관람불가,0,"2012년 2월, ‘나쁜 놈들의 전성시대’가 시작된다!",https://movie-phinf.pstatic.net/20111224_165/13246577572754h14b_JPEG/movie_image.jpg?type=m99_141_2
123,126078,본 투 비 블루,97,2016.06.09,청소년 관람불가,0,,https://movie-phinf.pstatic.net/20160517_59/1463448086358ptqNm_JPEG/movie_image.jpg?type=m99_141_2
124,154112,불한당: 나쁜 놈들의 세상,120,2017.05.17,청소년 관람불가,0,,https://movie-phinf.pstatic.net/20170517_137/1494988360843qAvzP_JPEG/movie_image.jpg?type=m99_141_2
125,125802,비밀은 없다,102,2016.06.23,청소년 관람불가,0,,https://movie-phinf.pstatic.net/20160615_115/1465955073814y4eHA_JPEG/movie_image.jpg?type=m99_141_2
126,185296,빈폴,137,2020.02.27,15세 관람가,0,,https://movie-phinf.pstatic.net/20200203_190/1580710812127Wxa35_JPEG/movie_image.jpg?type=m99_141_2
127,174294,성혜의 나라,118,2020.01.30,12세 관람가,1816,,https://movie-phinf.pstatic.net/20200117_234/1579244142345CI1m5_JPEG/movie_image.jpg?type=m99_141_2
128,161129,스코어: 영화음악의 모든 것,93,2017.10.19,전체 관람가,0,,https://movie-phinf.pstatic.net/20170928_271/1506562717072IMUzE_JPEG/movie_image.jpg?type=m99_141_2
129,120759,스틸 앨리스,101,2015.04.29,12세 관람가,0,“지금이 내가 나일 수 있는 마지막 시간일 거야”,https://movie-phinf.pstatic.net/20150424_218/1429839405863djz5d_JPEG/movie_image.jpg?type=m99_141_2
130,66440,슬럼독 밀리어네어,120,2020.03.12,15세 관람가,0,전 세계를 감동시킨 특별한 퀴즈쇼!,https://movie-phinf.pstatic.net/20200304_54/1583283946034xHrMg_JPEG/movie_image.jpg?type=m99_141_2
131,146560,싱 스트리트,106,2016.05.19,15세 관람가,0,"두.근.두.근! 처음 만난 사랑, 처음 만든 음악!",https://movie-phinf.pstatic.net/20160422_280/1461299853033ntW4y_JPEG/movie_image.jpg?type=m99_141_2
132,123519,아가씨,144,2016.06.01,청소년 관람불가,0,,https://movie-phinf.pstatic.net/20160523_204/14639851237601hEGQ_JPEG/movie_image.jpg?type=m99_141_2
133,109920,아메리칸 셰프,114,2015.01.07,15세 관람가,0,,https://movie-phinf.pstatic.net/20141205_174/1417743810978NcKng_JPEG/movie_image.jpg?type=m99_141_2
134,172145,아사코,120,2019.03.14,12세 관람가,0,,https://movie-phinf.pstatic.net/20190220_147/1550628802592YRPtN_JPEG/movie_image.jpg?type=m99_141_2
135,44913,아수라,132,2016.09.28,청소년 관람불가,0,"지옥 같은 세상, 살아남기 위해 싸우는 악인들의 전쟁 <아수라>",https://movie-phinf.pstatic.net/20160819_21/1471568371621ENt4D_JPEG/movie_image.jpg?type=m99_141_2
136,99148,엘리제궁의 요리사,90,2015.03.19,12세 관람가,0,"파리 엘리제궁의 유일한 여성 셰프
그녀가 선보이는 따뜻한 프렌치 홈쿠킹~",https://movie-phinf.pstatic.net/20150211_183/14236364254755DwQk_JPEG/movie_image.jpg?type=m99_141_2
137,158910,예수는 역사다,113,2017.07.13,전체 관람가,0,,https://movie-phinf.pstatic.net/20170529_267/1496019021214jtmxd_JPEG/movie_image.jpg?type=m99_141_2
138,181287,이 멋진 세계에 축복을! 붉은 전설,90,2020.02.06,15세 관람가,18157,"이세계 생활은,
고향 방문조차도 대모험……!?",https://movie-phinf.pstatic.net/20200106_218/15782846353183YnK8_JPEG/movie_image.jpg?type=m99_141_2
139,172113,이별의 아침에 약속의 꽃을 장식하자,115,2018.07.19,12세 관람가,0,"“사랑해서, 행복했어”",https://movie-phinf.pstatic.net/20180704_186/1530671337134LBJeM_JPEG/movie_image.jpg?type=m99_141_2
140,182050,퀸 오브 아이스,113,2020.03.26,15세 관람가,0,“누구나 나를 좋아하게 될 거예요.”,https://movie-phinf.pstatic.net/20200316_172/1584344885574KCEty_JPEG/movie_image.jpg?type=m99_141_2
141,181925,클로젯,98,2020.02.05,15세 관람가,0,"벽장 문이 열리고, 아이가 사라졌다!",https://movie-phinf.pstatic.net/20200116_23/1579154974413LvtIf_JPEG/movie_image.jpg?type=m99_141_2
142,100676,폭스캐처,134,2015.02.05,청소년 관람불가,26509,"전미를 뒤흔든 충격적 살인사건, 그날의 미스터리가 밝혀진다!",https://movie-phinf.pstatic.net/20150203_214/1422930543725iFODW_JPEG/movie_image.jpg?type=m99_141_2
143,129802,피아니스트 세이모어의 뉴욕 소네트,84,2016.04.07,전체 관람가,0,,https://movie-phinf.pstatic.net/20160331_36/1459408210164LBnll_JPEG/movie_image.jpg?type=m99_141_2
144,155123,미스 사이공: 25주년 특별 공연,175,2016.11.24,15세 관람가,0,"전쟁이 만든 거대한 운명의 대서사시!
온몸을 휘감는 감동의 무대를 스크린 최초로 만난다!",https://movie-phinf.pstatic.net/20161103_256/1478160313724rHuDS_JPEG/movie_image.jpg?type=m99_141_2
145,18597,비트,115,1997.05.10,청소년 유해물,0,,https://movie-phinf.pstatic.net/20111222_112/1324547321153Mq1HI_JPEG/movie_image.jpg?type=m99_141_2
146,19099,트루먼 쇼,103,2018.12.13,12세 관람가,19814,220개국 17억 인구가 5천 대 카메라로 지켜본 지 10909일째!,https://movie-phinf.pstatic.net/20181030_24/1540878641446PBOcp_JPEG/movie_image.jpg?type=m99_141_2
